Type,Floor_Area,WLC_MtCO2e,Lot_Coverage,FSR
1,178829,517.932553,49323.25,5.765097479790774
2,280465,838.590936,27161.500000000015,16.497455957177717
3,343365,808.491745,110987.74999999999,4.711261735619686
4,368033,883.901059,55993.74999999997,9.229494116098136
5,8874,16.430232,12525.0,1.0971810089020773
