Type,Floor_Area,WLC_MtCO2e
1,532144,1541.231678
2,237274,708.619404
3,541482,1273.743438
4,42894,103.171167
5,171200,317.362516
