Type,Floor_Area,WLC_MtCO2e,Lot_Coverage,FSR
1,292127.0,846.609238,85619.75,5.389324736300785
2,566452.0,1702.058628,63721.75,13.30894523838893
3,325962.0,768.691673,110648.0,4.318693111808895
4,392451.0,942.134388,56636.5,9.692661060274887
5,0.0,0.0,0.0,0.0
