Type,Floor_Area,WLC_MtCO2e,Lot_Coverage,FSR
1,532144,1541.231678,0.5711246720607374,3.3307243460449745
2,237274,708.619404,0.5813553559593305,10.305059717698153
3,541482,1273.743438,0.5187609914956981,2.5827595664253944
4,42894,103.171167,0.4121320451659379,6.137139178023393
5,171200,317.362516,0.6426869098133371,1.5459704983316702
